Security Risk Assessment,,,,,,,,
Risk #,Risk ,Risk Family,Control,Liklihood,Impact,Reasoning,Mitigating Controls,Total Risk Score
1,including sensitive information is encrypted using a weak cipher which may allow unpermitted access to the data.,"Data at rest, Data in transit, User access, Secure code, Network security, Vulnerability management.",VPC3 File storage only supports AES-128 Encryption,low,High,even super computer needs one billion years to crack AES- 128 bit.,NA,midume
2,"unprotected sensitive data leads to identity theft, fraud, and theft of financial resources from employees and customers",Data at rest,Databases in production are unencrypted,high,High,it's easy to expliot since there is no encryption and it may contain highly sensitive data,NA,High
2b,"not securing the database in production may help attacker to know the schema of the database, which will enable him to conduct directed attacks.",Data at rest,Databases in production are unencrypted,high,high,it's easy to expliot since there is no encryption and it may contain highly sensitive data,NA,High
3,short password may leade to help attacker to conduct a brute force attack and dictionary attacks.,user access,Internal network users require a 7-character password,high,high,"it's easy to crack small password and may lead to having high previliage account, that may caus a lot of damage.",NA,High
4,"It could potentially mean an admin account has been compromised by an outsider or a malicious insider and they are making risky changes, such as changing the security settings, on the network.",user access,Passwords never expire,high,High,"not changing password periodically means, there is most likely unwanted attacker using one of our account and creating backdoors, or stealing data.",NA,high
5,not requiering MFA ease access to local network by just having username and password.,user access,VPN Access does not require MFA,High,High,"it's fairly easy to gain username and password from one of the employee, and being able to connect will cause a lot of damaga.",NA,high
6,Files and folders in SaaS file sharing platform are not encrypted which may cause data leakage or unauthorized access,Data in transit,TLS V1.1 is used between the cloud production environment and SwiftTech’s physical location,high,high,downgrade attacks�since they rely on SHA-1 hash for the integrity of exchanged messages.,NA,high
7,not spereating the tow servers increase the risk of elevate their own privileges.,Vaulnerability management,Application development Tiers are not logically segmented from Business Application servers,low,high,"not segmenting the tow server will cause high risk of comprimising the business application server,",NA,high
7b,overloading the application server may cause stopage of the Business server.,Vaulnerability management,Application development Tiers are not logically segmented from Business Application servers,low,High,"not segmenting the tow server will cause high risk of comprimising the business application server,",NA,high
8,vulnerability exploitation,Vaulnerability management,Development Tier servers are unpatched and contain multiple vulnerabilities,high,high,gaining access to development tier server will give the attacker knowledge of the system architecture.,NA,high
9,vulnerability exploitation,Secure code,Application code is not scanned for vulnerabilities before being published into production environment,high,high,"Remediating vulnerabilities in production is expensive and time-consuming due to the complexity of developing and distributing software patches. Additionally, vulnerabilities in production carry the risk of exploitation.",NA,high
,,,,,,,,
Notes:,,,,,,,,
Risk - descriptions should be some reasonable approximation of what is written above but does not need to be exact,,,,,,,,
"Reasoning - The reasoning should approximately match to the user's assessment of the likelihood and impact of a potential risk.  If, for instance the likelihood and impact are marked high, the reasoning should reflect why it might be high",,,,,,,,
,,,,,,,,
Mitigating Controls - For the purpose of this exercise we did not include mitigating controls,,,,,,,,
,,,,,,,,
"Total Risk Score - Should not be less than a reasonable approximation of the likelihood x impact.  For instance, if L=High and I=High (and no mitigating control exists) then Risk cannot equal Low",,,,,,,,
